"id","title","content","created_at","updated_at","user_id"
1,제목 1,내용 1,2021-01-01 07:30:00,2021-01-01 08:30:00,1
2,제목 2,내용 2,2021-01-02 07:30:00,2021-01-02 08:30:00,1
3,제목 3,내용 3,2021-01-03 07:30:00,2021-01-03 08:30:00,1
4,제목 4,내용 4,2021-01-04 07:30:00,2021-01-04 08:30:00,1
5,제목 5,내용 5,2021-01-05 07:30:00,2021-01-05 08:30:00,1
6,제목 6,내용 6,2021-01-06 07:30:00,2021-01-06 08:30:00,1
7,제목 7,내용 7,2021-01-07 07:30:00,2021-01-07 08:30:00,1
8,제목 8,내용 8,2021-01-08 07:30:00,2021-01-08 08:30:00,1
9,제목 9,내용 9,2021-01-09 07:30:00,2021-01-09 08:30:00,1
10,제목 10,내용 10,2021-01-10 07:30:00,2021-01-10 08:30:00,1
11,제목 11,내용 11,2021-01-11 07:30:00,2021-01-11 08:30:00,1
12,제목 12,내용 12,2021-01-12 07:30:00,2021-01-12 08:30:00,1
13,제목 13,내용 13,2021-01-13 07:30:00,2021-01-13 08:30:00,1
14,제목 14,내용 14,2021-01-14 07:30:00,2021-01-14 08:30:00,1
15,제목 15,내용 15,2021-01-15 07:30:00,2021-01-15 08:30:00,1
16,제목 16,내용 16,2021-01-16 07:30:00,2021-01-16 08:30:00,1
17,제목 17,내용 17,2021-01-17 07:30:00,2021-01-17 08:30:00,1
18,제목 18,내용 18,2021-01-18 07:30:00,2021-01-18 08:30:00,1
19,제목 19,내용 19,2021-01-19 07:30:00,2021-01-19 08:30:00,1
20,제목 20,내용 20,2021-01-20 07:30:00,2021-01-20 08:30:00,1
21,제목 21,내용 21,2021-01-21 07:30:00,2021-01-21 08:30:00,1
22,제목 22,내용 22,2021-01-22 07:30:00,2021-01-22 08:30:00,1
23,제목 23,내용 23,2021-01-23 07:30:00,2021-01-23 08:30:00,1
24,제목 24,내용 24,2021-01-24 07:30:00,2021-01-24 08:30:00,1
25,제목 25,내용 25,2021-01-25 07:30:00,2021-01-25 08:30:00,1
26,제목 26,내용 26,2021-01-26 07:30:00,2021-01-26 08:30:00,1
27,제목 27,내용 27,2021-01-27 07:30:00,2021-01-27 08:30:00,1
28,제목 28,내용 28,2021-01-28 07:30:00,2021-01-28 08:30:00,1
29,제목 29,내용 29,2021-01-29 07:30:00,2021-01-29 08:30:00,1
30,제목 30,내용 30,2021-01-30 07:30:00,2021-01-30 08:30:00,1
31,제목 31,내용 31,2021-01-31 07:30:00,2021-01-31 08:30:00,1
32,제목 32,내용 32,2021-02-01 07:30:00,2021-02-01 08:30:00,1
33,제목 33,내용 33,2021-02-02 07:30:00,2021-02-02 08:30:00,1
34,제목 34,내용 34,2021-02-03 07:30:00,2021-02-03 08:30:00,1
35,제목 35,내용 35,2021-02-04 07:30:00,2021-02-04 08:30:00,1
36,제목 36,내용 36,2021-02-05 07:30:00,2021-02-05 08:30:00,1
37,제목 37,내용 37,2021-02-06 07:30:00,2021-02-06 08:30:00,1
38,제목 38,내용 38,2021-02-07 07:30:00,2021-02-07 08:30:00,1
39,제목 39,내용 39,2021-02-08 07:30:00,2021-02-08 08:30:00,1
40,제목 40,내용 40,2021-02-09 07:30:00,2021-02-09 08:30:00,1
41,제목 41,내용 41,2021-02-10 07:30:00,2021-02-10 08:30:00,1
42,제목 42,내용 42,2021-02-11 07:30:00,2021-02-11 08:30:00,1
43,제목 43,내용 43,2021-02-12 07:30:00,2021-02-12 08:30:00,1
44,제목 44,내용 44,2021-02-13 07:30:00,2021-02-13 08:30:00,1
45,제목 45,내용 45,2021-02-14 07:30:00,2021-02-14 08:30:00,1
46,제목 46,내용 46,2021-02-15 07:30:00,2021-02-15 08:30:00,1
47,제목 47,내용 47,2021-02-16 07:30:00,2021-02-16 08:30:00,1
48,제목 48,내용 48,2021-02-17 07:30:00,2021-02-17 08:30:00,1
49,제목 49,내용 49,2021-02-18 07:30:00,2021-02-18 08:30:00,1
50,제목 50,내용 50,2021-02-19 07:30:00,2021-02-19 08:30:00,1
51,제목 51,내용 51,2021-02-20 07:30:00,2021-02-20 08:30:00,1
52,제목 52,내용 52,2021-02-21 07:30:00,2021-02-21 08:30:00,1
53,제목 53,내용 53,2021-02-22 07:30:00,2021-02-22 08:30:00,1
54,제목 54,내용 54,2021-02-23 07:30:00,2021-02-23 08:30:00,1
55,제목 55,내용 55,2021-02-24 07:30:00,2021-02-24 08:30:00,1
56,제목 56,내용 56,2021-02-25 07:30:00,2021-02-25 08:30:00,1
57,제목 57,내용 57,2021-02-26 07:30:00,2021-02-26 08:30:00,1
58,제목 58,내용 58,2021-02-27 07:30:00,2021-02-27 08:30:00,1
59,제목 59,내용 59,2021-02-28 07:30:00,2021-02-28 08:30:00,1
60,제목 60,내용 60,2021-03-01 07:30:00,2021-03-01 08:30:00,1
61,제목 61,내용 61,2021-03-02 07:30:00,2021-03-02 08:30:00,1
62,제목 62,내용 62,2021-03-03 07:30:00,2021-03-03 08:30:00,1
63,제목 63,내용 63,2021-03-04 07:30:00,2021-03-04 08:30:00,1
64,제목 64,내용 64,2021-03-05 07:30:00,2021-03-05 08:30:00,1
65,제목 65,내용 65,2021-03-06 07:30:00,2021-03-06 08:30:00,1
66,제목 66,내용 66,2021-03-07 07:30:00,2021-03-07 08:30:00,1
67,제목 67,내용 67,2021-03-08 07:30:00,2021-03-08 08:30:00,1
68,제목 68,내용 68,2021-03-09 07:30:00,2021-03-09 08:30:00,1
69,제목 69,내용 69,2021-03-10 07:30:00,2021-03-10 08:30:00,1
70,제목 70,내용 70,2021-03-11 07:30:00,2021-03-11 08:30:00,1
71,제목 71,내용 71,2021-03-12 07:30:00,2021-03-12 08:30:00,1
72,제목 72,내용 72,2021-03-13 07:30:00,2021-03-13 08:30:00,1
73,제목 73,내용 73,2021-03-14 07:30:00,2021-03-14 08:30:00,1
74,제목 74,내용 74,2021-03-15 07:30:00,2021-03-15 08:30:00,1
75,제목 75,내용 75,2021-03-16 07:30:00,2021-03-16 08:30:00,1
76,제목 76,내용 76,2021-03-17 07:30:00,2021-03-17 08:30:00,1
77,제목 77,내용 77,2021-03-18 07:30:00,2021-03-18 08:30:00,1
78,제목 78,내용 78,2021-03-19 07:30:00,2021-03-19 08:30:00,1
79,제목 79,내용 79,2021-03-20 07:30:00,2021-03-20 08:30:00,1
80,제목 80,내용 80,2021-03-21 07:30:00,2021-03-21 08:30:00,1
81,제목 81,내용 81,2021-03-22 07:30:00,2021-03-22 08:30:00,1
82,제목 82,내용 82,2021-03-23 07:30:00,2021-03-23 08:30:00,1
83,제목 83,내용 83,2021-03-24 07:30:00,2021-03-24 08:30:00,1
84,제목 84,내용 84,2021-03-25 07:30:00,2021-03-25 08:30:00,1
85,제목 85,내용 85,2021-03-26 07:30:00,2021-03-26 08:30:00,1
86,제목 86,내용 86,2021-03-27 07:30:00,2021-03-27 08:30:00,1
87,제목 87,내용 87,2021-03-28 07:30:00,2021-03-28 08:30:00,1
88,제목 88,내용 88,2021-03-29 07:30:00,2021-03-29 08:30:00,1
89,제목 89,내용 89,2021-03-30 07:30:00,2021-03-30 08:30:00,1
90,제목 90,내용 90,2021-03-31 07:30:00,2021-03-31 08:30:00,1
91,제목 91,내용 91,2021-04-01 07:30:00,2021-04-01 08:30:00,1
92,제목 92,내용 92,2021-04-02 07:30:00,2021-04-02 08:30:00,1
93,제목 93,내용 93,2021-04-03 07:30:00,2021-04-03 08:30:00,1
94,제목 94,내용 94,2021-04-04 07:30:00,2021-04-04 08:30:00,1
95,제목 95,내용 95,2021-04-05 07:30:00,2021-04-05 08:30:00,1
96,제목 96,내용 96,2021-04-06 07:30:00,2021-04-06 08:30:00,1
97,제목 97,내용 97,2021-04-07 07:30:00,2021-04-07 08:30:00,1
98,제목 98,내용 98,2021-04-08 07:30:00,2021-04-08 08:30:00,1
99,제목 99,내용 99,2021-04-09 07:30:00,2021-04-09 08:30:00,1
100,제목 100,내용 100,2021-04-10 07:30:00,2021-04-10 08:30:00,1
